icao,fee_eur,observed_on,payment,note
LFAB,0.00,2024-06-02,other,"carte taxes d'atterrissage (C. Rousseau), snapshot 2024-06-02; Gratuit - 24/03/2019"
LFAC,15.47,2026-01-01,other,>1 t à 2 t
LFAD,0.00,2024-06-02,other,"carte taxes d'atterrissage (C. Rousseau), snapshot 2024-06-02; gratuit - novembre 2012"
LFAE,0.00,2024-06-02,other,"carte taxes d'atterrissage (C. Rousseau), snapshot 2024-06-02; Gratuit - 30/06/2022"
LFAF,0.00,2024-06-02,other,"carte taxes d'atterrissage (C. Rousseau), snapshot 2024-06-02; gratuit - décembre 2011"
LFAG,0.00,2024-06-02,other,"carte taxes d'atterrissage (C. Rousseau), snapshot 2024-06-02; Gratuit - 15/02/2017"
LFAI,0.00,2024-06-02,other,"carte taxes d'atterrissage (C. Rousseau), snapshot 2024-06-02; Gratuit - 15/08/2020"
LFAJ,0.00,2024-06-02,other,"carte taxes d'atterrissage (C. Rousseau), snapshot 2024-06-02; gratuit - décembre 2011"
LFAK,0.00,2024-06-02,other,"carte taxes d'atterrissage (C. Rousseau), snapshot 2024-06-02; Gratuit - 2017"
LFAL,0.00,2024-06-02,other,"carte taxes d'atterrissage (C. Rousseau), snapshot 2024-06-02; gratuit - restreint - décembre 2011"
LFAM,0.00,2024-06-02,other,"carte taxes d'atterrissage (C. Rousseau), snapshot 2024-06-02; gratuit - décembre 2011"
LFAO,0.00,2024-06-02,other,"carte taxes d'atterrissage (C. Rousseau), snapshot 2024-06-02; gratuit - décembre 2011"
LFAP,0.00,2024-06-02,other,"carte taxes d'atterrissage (C. Rousseau), snapshot 2024-06-02; gratuit - restreint - décembre 2011"
LFAQ,10.00,2024-06-02,other,"carte taxes d'atterrissage (C. Rousseau), snapshot 2024-06-02; 10,00€ - 07/05/2022"
LFAR,0.00,2024-06-02,other,"carte taxes d'atterrissage (C. Rousseau), snapshot 2024-06-02; gratuit - restreint - juillet 2015"
LFAS,0.00,2024-06-02,other,"carte taxes d'atterrissage (C. Rousseau), snapshot 2024-06-02; gratuit - restreint - décembre 2011"
LFAT,24.00,2024-06-02,other,"carte taxes d'atterrissage (C. Rousseau), snapshot 2024-06-02; 24,00 € - 03/06/2024 ""Désormais forfait tous les jours pour atterrissage+parking 24h max (pareil pour 1h, 2h, 6h, etc) pour 24€ +20€(=44€) si nuit sur place. Exemple de jeudi 14h à vendredi 14h=44€."""
LFAU,0.00,2024-06-02,other,"carte taxes d'atterrissage (C. Rousseau), snapshot 2024-06-02; gratuit - restreint - décembre 2011"
LFAV,6.50,2024-06-02,other,"carte taxes d'atterrissage (C. Rousseau), snapshot 2024-06-02; 6,50 € - 22/05/2022"
LFAW,0.00,2024-06-02,other,"carte taxes d'atterrissage (C. Rousseau), snapshot 2024-06-02; gratuit - restreint - décembre 2011"
LFAX,0.00,2024-06-02,other,"carte taxes d'atterrissage (C. Rousseau), snapshot 2024-06-02; Gratuit - 26/06/2013"
LFAY,9.00,2024-06-02,other,"carte taxes d'atterrissage (C. Rousseau), snapshot 2024-06-02; 9,00 € - 11/04/2019"
LFBA,5.90,2024-06-02,other,"carte taxes d'atterrissage (C. Rousseau), snapshot 2024-06-02; 5.90 € - 09/07/2018"
LFBD,17.50,2024-06-02,other,"carte taxes d'atterrissage (C. Rousseau), snapshot 2024-06-02; 15 à 20 € + 75€ de Handling - avril 2017"
LFBE,5.00,2024-06-02,other,"carte taxes d'atterrissage (C. Rousseau), snapshot 2024-06-02; 5,00€ - 26/06/2021"
LFBG,0.00,2024-06-02,other,"carte taxes d'atterrissage (C. Rousseau), snapshot 2024-06-02; gratuit - militaire - décembre 2011"
LFBH,13.22,2024-06-02,other,"carte taxes d'atterrissage (C. Rousseau), snapshot 2024-06-02; 13,22 € - 04/08/2017"
LFBI,11.20,2024-06-02,other,"carte taxes d'atterrissage (C. Rousseau), snapshot 2024-06-02; 11,20 € - 10/06/2017 Parking 0,30€/h"
LFBJ,0.00,2024-06-02,other,"carte taxes d'atterrissage (C. Rousseau), snapshot 2024-06-02; gratuit - décembre 2011"
LFBK,7.50,2024-06-02,other,"carte taxes d'atterrissage (C. Rousseau), snapshot 2024-06-02; 5 à 10 € - décembre 2011"
LFBL,5.41,2024-06-02,other,"carte taxes d'atterrissage (C. Rousseau), snapshot 2024-06-02; 5.41€TTC -de 1.5T _ mai 2017"
LFBN,6.40,2024-06-02,other,"carte taxes d'atterrissage (C. Rousseau), snapshot 2024-06-02; 6,40€ - 28/05/2024 // Nuit 7.40 € TTC - avion privé <2t"
LFBO,34.25,2024-06-02,other,"carte taxes d'atterrissage (C. Rousseau), snapshot 2024-06-02; 34,25 € - 03/11/2019"
LFBP,20.00,2024-06-02,other,"carte taxes d'atterrissage (C. Rousseau), snapshot 2024-06-02; 20 € - 30/07/2017 (30€ avec stationnement)"
LFBR,3.00,2024-06-02,other,"carte taxes d'atterrissage (C. Rousseau), snapshot 2024-06-02; 1 à 5 € - décembre 2011"
LFBS,0.00,2024-06-02,other,"carte taxes d'atterrissage (C. Rousseau), snapshot 2024-06-02; Gratuit - 09/07/2019"
LFBT,7.50,2024-06-02,other,"carte taxes d'atterrissage (C. Rousseau), snapshot 2024-06-02; 5 à 10 € - décembre 2011"
LFBU,7.50,2024-06-02,other,"carte taxes d'atterrissage (C. Rousseau), snapshot 2024-06-02; 5 à 10 € - décembre 2011"
LFBX,12.00,2025-07-01,other,2t
LFBY,0.00,2024-06-02,other,"carte taxes d'atterrissage (C. Rousseau), snapshot 2024-06-02; gratuit - décembre 2011"
LFBZ,40.00,2024-06-02,other,"carte taxes d'atterrissage (C. Rousseau), snapshot 2024-06-02; 40 € - 21/07/2022 // PPR 48h (executiveaviation@biarritz-aeroport.fr)"
LFCA,0.00,2024-06-02,other,"carte taxes d'atterrissage (C. Rousseau), snapshot 2024-06-02; gratuit - Février 2017"
LFCB,0.00,2024-06-02,other,"carte taxes d'atterrissage (C. Rousseau), snapshot 2024-06-02; Gratuit - 06/08/2017"
LFCC,3.00,2024-06-02,other,"carte taxes d'atterrissage (C. Rousseau), snapshot 2024-06-02; 1 à 5 € - décembre 2011"
LFCD,0.00,2024-06-02,other,"carte taxes d'atterrissage (C. Rousseau), snapshot 2024-06-02; gratuit - juillet 2015"
LFCE,0.00,2024-06-02,other,"carte taxes d'atterrissage (C. Rousseau), snapshot 2024-06-02; gratuit - décembre 2011"
LFCF,0.00,2024-06-02,other,"carte taxes d'atterrissage (C. Rousseau), snapshot 2024-06-02; gratuit - 01/07/2017 Très bon restaurant à côté..."
LFCG,4.00,2024-06-02,other,"carte taxes d'atterrissage (C. Rousseau), snapshot 2024-06-02; 4,00 € - 11/07/2019"
LFCH,6.62,2024-06-02,other,"carte taxes d'atterrissage (C. Rousseau), snapshot 2024-06-02; 6,62 € - 07/08/2017"
LFCI,7.50,2024-06-02,other,"carte taxes d'atterrissage (C. Rousseau), snapshot 2024-06-02; 7,50€ - 20/07/2021"
LFCJ,0.00,2024-06-02,other,"carte taxes d'atterrissage (C. Rousseau), snapshot 2024-06-02; gratuit - décembre 2011"
LFCK,9.68,2024-06-02,other,"carte taxes d'atterrissage (C. Rousseau), snapshot 2024-06-02; 9,68€ - 28/03/2022"
LFCL,16.50,2024-06-02,other,"carte taxes d'atterrissage (C. Rousseau), snapshot 2024-06-02; 16,50 € - 08/03/2023 // Stationnement 1€/h. Franchise de 2h."
LFCM,0.00,2024-06-02,other,"carte taxes d'atterrissage (C. Rousseau), snapshot 2024-06-02; Gratuit - 2017"
LFCN,0.00,2024-06-02,other,"carte taxes d'atterrissage (C. Rousseau), snapshot 2024-06-02; Gratuit - 09/08/2017"
LFCO,0.00,2024-06-02,other,"carte taxes d'atterrissage (C. Rousseau), snapshot 2024-06-02; Gratuit - 20/12/2019 Accueil fort sympathique"
LFCP,0.00,2024-06-02,other,"carte taxes d'atterrissage (C. Rousseau), snapshot 2024-06-02; gratuit - décembre 2011"
LFCQ,0.00,2024-06-02,other,"carte taxes d'atterrissage (C. Rousseau), snapshot 2024-06-02; gratuit - décembre 2011"
LFCR,6.00,2024-06-02,other,"carte taxes d'atterrissage (C. Rousseau), snapshot 2024-06-02; 6,00€ - 21/04/2021"
LFCS,0.00,2024-06-02,other,"carte taxes d'atterrissage (C. Rousseau), snapshot 2024-06-02; gratuit - avril 2017"
LFCT,0.00,2024-06-02,other,"carte taxes d'atterrissage (C. Rousseau), snapshot 2024-06-02; Gratuit - 05/11/2017"
LFCU,3.20,2024-06-02,other,"carte taxes d'atterrissage (C. Rousseau), snapshot 2024-06-02; 3,20 € - 01/07/2018"
LFCV,0.00,2024-06-02,other,"carte taxes d'atterrissage (C. Rousseau), snapshot 2024-06-02; gratuit - juillet 2015"
LFCW,0.00,2024-06-02,other,"carte taxes d'atterrissage (C. Rousseau), snapshot 2024-06-02; gratuit - décembre 2011"
LFCX,0.00,2024-06-02,other,"carte taxes d'atterrissage (C. Rousseau), snapshot 2024-06-02; gratuit - décembre 2011"
LFCY,5.50,2024-06-02,other,"carte taxes d'atterrissage (C. Rousseau), snapshot 2024-06-02; 5,50 € - —/08/2022 //Parking 0.20€/h TTC après les 2 premières heures, balisage vol de nuit 10.60 € TTC - avion privé <2t"
LFCZ,5.00,2024-06-02,other,"carte taxes d'atterrissage (C. Rousseau), snapshot 2024-06-02; 5.00 € - 19/01/2019"
LFDA,0.00,2024-06-02,other,"carte taxes d'atterrissage (C. Rousseau), snapshot 2024-06-02; gratuit - décembre 2011"
LFDB,0.00,2024-06-02,other,"carte taxes d'atterrissage (C. Rousseau), snapshot 2024-06-02; gratuit - juillet 2015"
LFDC,0.00,2024-06-02,other,"carte taxes d'atterrissage (C. Rousseau), snapshot 2024-06-02; gratuit - décembre 2011"
LFDE,0.00,2024-06-02,other,"carte taxes d'atterrissage (C. Rousseau), snapshot 2024-06-02; gratuit - décembre 2011"
LFDF,0.00,2024-06-02,other,"carte taxes d'atterrissage (C. Rousseau), snapshot 2024-06-02; gratuit - décembre 2011"
LFDG,0.00,2024-06-02,other,"carte taxes d'atterrissage (C. Rousseau), snapshot 2024-06-02; gratuit - décembre 2011"
LFDH,5.50,2024-06-02,other,"carte taxes d'atterrissage (C. Rousseau), snapshot 2024-06-02; 5,50 € - 02/11/2017"
LFDI,7.50,2024-06-02,other,"carte taxes d'atterrissage (C. Rousseau), snapshot 2024-06-02; 5 à 10 € - décembre 2011"
LFDJ,10.76,2024-06-02,other,"carte taxes d'atterrissage (C. Rousseau), snapshot 2024-06-02; 10.76 € - 11/03/2017"
LFDK,7.50,2024-06-02,other,"carte taxes d'atterrissage (C. Rousseau), snapshot 2024-06-02; 5 à 10 € - décembre 2011"
LFDL,0.00,2024-06-02,other,"carte taxes d'atterrissage (C. Rousseau), snapshot 2024-06-02; Gratuit - 29/06/2020 100 LL avec carte Total"
LFDM,0.00,2024-06-02,other,"carte taxes d'atterrissage (C. Rousseau), snapshot 2024-06-02; gratuit - décembre 2011"
LFDN,7.50,2024-06-02,other,"carte taxes d'atterrissage (C. Rousseau), snapshot 2024-06-02; 5 à 10 € - décembre 2011"
LFDP,0.00,2024-06-02,other,"carte taxes d'atterrissage (C. Rousseau), snapshot 2024-06-02; gratuit - décembre 2011"
LFDQ,0.00,2024-06-02,other,"carte taxes d'atterrissage (C. Rousseau), snapshot 2024-06-02; gratuit - restreint - décembre 2011"
LFDR,0.00,2024-06-02,other,"carte taxes d'atterrissage (C. Rousseau), snapshot 2024-06-02; gratuit - décembre 2011"
LFDS,3.00,2024-06-02,other,"carte taxes d'atterrissage (C. Rousseau), snapshot 2024-06-02; 3,00 € - 12/07/2019"
LFDT,0.00,2024-06-02,other,"carte taxes d'atterrissage (C. Rousseau), snapshot 2024-06-02; gratuit - décembre 2011"
LFDU,0.00,2024-06-02,other,"carte taxes d'atterrissage (C. Rousseau), snapshot 2024-06-02; gratuit - décembre 2011"
LFDV,0.00,2024-06-02,other,"carte taxes d'atterrissage (C. Rousseau), snapshot 2024-06-02; gratuit - décembre 2011"
LFDW,0.00,2024-06-02,other,"carte taxes d'atterrissage (C. Rousseau), snapshot 2024-06-02; Gratuit - 01/11/2017"
LFDX,0.00,2024-06-02,other,"carte taxes d'atterrissage (C. Rousseau), snapshot 2024-06-02; gratuit - décembre 2011"
LFDY,0.00,2024-06-02,other,"carte taxes d'atterrissage (C. Rousseau), snapshot 2024-06-02; gratuit - restreint - ?"
LFEA,10.00,2024-06-02,other,"carte taxes d'atterrissage (C. Rousseau), snapshot 2024-06-02; 10 € - 01/08/2017"
LFEB,5.00,2024-06-02,other,"carte taxes d'atterrissage (C. Rousseau), snapshot 2024-06-02; 5.00 € - 24/08/2018"
LFEC,9.00,2024-06-02,other,"carte taxes d'atterrissage (C. Rousseau), snapshot 2024-06-02; 9,00 € - 04/2024 // avec parking 4h et tonnage inferieur à 1.2To"
LFED,0.00,2024-06-02,other,"carte taxes d'atterrissage (C. Rousseau), snapshot 2024-06-02; gratuit - décembre 2011"
LFEF,7.50,2024-06-02,other,"carte taxes d'atterrissage (C. Rousseau), snapshot 2024-06-02; 5 à 10 € - décembre 2011"
LFEG,0.00,2024-06-02,other,"carte taxes d'atterrissage (C. Rousseau), snapshot 2024-06-02; Gratuit - 27/07/2020"
LFEH,0.00,2024-06-02,other,"carte taxes d'atterrissage (C. Rousseau), snapshot 2024-06-02; gratuit - décembre 2011"
LFEI,0.00,2024-06-02,other,"carte taxes d'atterrissage (C. Rousseau), snapshot 2024-06-02; Gratuit - 19/04/2016"
LFEJ,0.00,2024-06-02,other,"carte taxes d'atterrissage (C. Rousseau), snapshot 2024-06-02; gratuit - décembre 2011"
LFEK,0.00,2024-06-02,other,"carte taxes d'atterrissage (C. Rousseau), snapshot 2024-06-02; gratuit - décembre 2011"
LFEL,0.00,2024-06-02,other,"carte taxes d'atterrissage (C. Rousseau), snapshot 2024-06-02; gratuit - décembre 2011"
LFEM,0.00,2024-06-02,other,"carte taxes d'atterrissage (C. Rousseau), snapshot 2024-06-02; Gratuit - 17/05/2015"
LFEN,0.00,2024-06-02,other,"carte taxes d'atterrissage (C. Rousseau), snapshot 2024-06-02; Gratuit - 01/01/2017"
LFEP,0.00,2024-06-02,other,"carte taxes d'atterrissage (C. Rousseau), snapshot 2024-06-02; gratuit - restreint - ?"
LFEQ,10.00,2024-06-02,other,"carte taxes d'atterrissage (C. Rousseau), snapshot 2024-06-02; 10 € - 02/07/2022 1 nuit + taxe : 8€"
LFER,0.00,2024-06-02,other,"carte taxes d'atterrissage (C. Rousseau), snapshot 2024-06-02; Gratuit - 17/04/2024 // ""La gestion de l'aérodrome est maintenant faite par l'aéroclub, attero gratuits. Ils ont du SP98 et 100LL en dépannage."""
LFES,4.00,2024-06-02,other,"carte taxes d'atterrissage (C. Rousseau), snapshot 2024-06-02; 4 € - 18/07/2017 Stationnement : 9€/jour TTC"
LFET,0.00,2024-06-02,other,"carte taxes d'atterrissage (C. Rousseau), snapshot 2024-06-02; gratuit - 01/01/2023"
LFEU,0.00,2024-06-02,other,"carte taxes d'atterrissage (C. Rousseau), snapshot 2024-06-02; gratuit - décembre 2011"
LFEV,0.00,2024-06-02,other,"carte taxes d'atterrissage (C. Rousseau), snapshot 2024-06-02; gratuit - décembre 2011"
LFEW,0.00,2024-06-02,other,"carte taxes d'atterrissage (C. Rousseau), snapshot 2024-06-02; gratuit - décembre 2011"
LFEX,0.00,2024-06-02,other,"carte taxes d'atterrissage (C. Rousseau), snapshot 2024-06-02; gratuit - restreint - décembre 2011"
LFEY,10.50,2024-06-02,other,"carte taxes d'atterrissage (C. Rousseau), snapshot 2024-06-02; 10,50€ - 17/04/2022. /// Taxe, parking journée : 8,40€"
LFFB,0.00,2024-06-02,other,"carte taxes d'atterrissage (C. Rousseau), snapshot 2024-06-02; Gratuit - restreint - 19/06/2016 Restaurant sur AD"
LFFC,0.00,2024-06-02,other,"carte taxes d'atterrissage (C. Rousseau), snapshot 2024-06-02; gratuit - restreint - décembre 2011"
LFFD,0.00,2024-06-02,other,"carte taxes d'atterrissage (C. Rousseau), snapshot 2024-06-02; gratuit - restreint - décembre 2011"
LFFE,0.00,2024-06-02,other,"carte taxes d'atterrissage (C. Rousseau), snapshot 2024-06-02; gratuit - restreint - décembre 2011"
LFFG,0.00,2024-06-02,other,"carte taxes d'atterrissage (C. Rousseau), snapshot 2024-06-02; gratuit - restreint - décembre 2011"
LFFH,0.00,2024-06-02,other,"carte taxes d'atterrissage (C. Rousseau), snapshot 2024-06-02; Gratuit - 27/08/2021"
LFFI,7.50,2024-06-02,other,"carte taxes d'atterrissage (C. Rousseau), snapshot 2024-06-02; 5 à 10 € - décembre 2011"
LFFJ,0.00,2024-06-02,other,"carte taxes d'atterrissage (C. Rousseau), snapshot 2024-06-02; gratuit - restreint - décembre 2011"
LFFK,0.00,2024-06-02,other,"carte taxes d'atterrissage (C. Rousseau), snapshot 2024-06-02; gratuit - décembre 2011"
LFFL,0.00,2024-06-02,other,"carte taxes d'atterrissage (C. Rousseau), snapshot 2024-06-02; gratuit - restreint - décembre 2011"
LFFN,0.00,2024-06-02,other,"carte taxes d'atterrissage (C. Rousseau), snapshot 2024-06-02; gratuit - décembre 2011"
LFFO,0.00,2024-06-02,other,"carte taxes d'atterrissage (C. Rousseau), snapshot 2024-06-02; Gratuit - restreint - Juin 2016"
LFFP,0.00,2024-06-02,other,"carte taxes d'atterrissage (C. Rousseau), snapshot 2024-06-02; gratuit - décembre 2011"
LFFQ,0.00,2024-06-02,other,"carte taxes d'atterrissage (C. Rousseau), snapshot 2024-06-02; gratuit - restreint - décembre 2011"
LFFR,0.00,2024-06-02,other,"carte taxes d'atterrissage (C. Rousseau), snapshot 2024-06-02; gratuit - restreint - décembre 2011"
LFFT,0.00,2024-06-02,other,"carte taxes d'atterrissage (C. Rousseau), snapshot 2024-06-02; gratuit - décembre 2011"
LFFU,0.00,2024-06-02,other,"carte taxes d'atterrissage (C. Rousseau), snapshot 2024-06-02; gratuit - décembre 2011"
LFFV,0.00,2024-06-02,other,"carte taxes d'atterrissage (C. Rousseau), snapshot 2024-06-02; gratuit - restreint - décembre 2011"
LFFW,0.00,2024-06-02,other,"carte taxes d'atterrissage (C. Rousseau), snapshot 2024-06-02; gratuit - décembre 2011"
LFFX,0.00,2024-06-02,other,"carte taxes d'atterrissage (C. Rousseau), snapshot 2024-06-02; gratuit - restreint - décembre 2011"
LFFY,0.00,2024-06-02,other,"carte taxes d'atterrissage (C. Rousseau), snapshot 2024-06-02; gratuit - restreint - décembre 2011"
LFFZ,0.00,2024-06-02,other,"carte taxes d'atterrissage (C. Rousseau), snapshot 2024-06-02; gratuit - décembre 2011"
LFGA,13.20,2024-06-02,other,"carte taxes d'atterrissage (C. Rousseau), snapshot 2024-06-02; 13.20€ - 15/02/2022 Stationnement 0.48€ T/H 2017"
LFGB,7.21,2024-06-02,other,"carte taxes d'atterrissage (C. Rousseau), snapshot 2024-06-02; 7,21€ - 16/07/2017"
LFGC,12.66,2025-04-11,other,De > 1t à 2t
LFGE,0.00,2024-06-02,other,"carte taxes d'atterrissage (C. Rousseau), snapshot 2024-06-02; gratuit - décembre 2011"
LFGF,0.00,2024-06-02,other,"carte taxes d'atterrissage (C. Rousseau), snapshot 2024-06-02; gratuit - décembre 2011"
LFGG,0.00,2024-06-02,other,"carte taxes d'atterrissage (C. Rousseau), snapshot 2024-06-02; Gratuit - 30/07/2013 Restaurant sur AD"
LFGH,0.00,2024-06-02,other,"carte taxes d'atterrissage (C. Rousseau), snapshot 2024-06-02; Gratuit - 26/04/2018"
LFGI,0.00,2024-06-02,other,"carte taxes d'atterrissage (C. Rousseau), snapshot 2024-06-02; gratuit - décembre 2011"
LFGJ,26.40,2024-06-02,other,"carte taxes d'atterrissage (C. Rousseau), snapshot 2024-06-02; 26,4€ - 21/02/2019"
LFGK,0.00,2024-06-02,other,"carte taxes d'atterrissage (C. Rousseau), snapshot 2024-06-02; gratuit - décembre 2011"
LFGL,0.00,2024-06-02,other,"carte taxes d'atterrissage (C. Rousseau), snapshot 2024-06-02; gratuit - décembre 2011"
LFGM,0.00,2024-06-02,other,"carte taxes d'atterrissage (C. Rousseau), snapshot 2024-06-02; gratuit - août 2015"
LFGN,0.00,2024-06-02,other,"carte taxes d'atterrissage (C. Rousseau), snapshot 2024-06-02; gratuit - décembre 2011"
LFGO,0.00,2024-06-02,other,"carte taxes d'atterrissage (C. Rousseau), snapshot 2024-06-02; Gratuit - 10/08/2019"
LFGP,0.00,2024-06-02,other,"carte taxes d'atterrissage (C. Rousseau), snapshot 2024-06-02; gratuit - décembre 2011"
LFGQ,0.00,2024-06-02,other,"carte taxes d'atterrissage (C. Rousseau), snapshot 2024-06-02; Gratuit - 27/02/2021"
LFGR,0.00,2024-06-02,other,"carte taxes d'atterrissage (C. Rousseau), snapshot 2024-06-02; gratuit - décembre 2011"
LFGS,0.00,2024-06-02,other,"carte taxes d'atterrissage (C. Rousseau), snapshot 2024-06-02; gratuit - décembre 2011"
LFGT,0.00,2024-06-02,other,"carte taxes d'atterrissage (C. Rousseau), snapshot 2024-06-02; gratuit - décembre 2011"
LFGU,0.00,2024-06-02,other,"carte taxes d'atterrissage (C. Rousseau), snapshot 2024-06-02; gratuit - décembre 2011"
LFGW,0.00,2024-06-02,other,"carte taxes d'atterrissage (C. Rousseau), snapshot 2024-06-02; Gratuit - 25/09/2017"
LFGX,0.00,2024-06-02,other,"carte taxes d'atterrissage (C. Rousseau), snapshot 2024-06-02; gratuit - restreint - décembre 2011"
LFGY,0.00,2024-06-02,other,"carte taxes d'atterrissage (C. Rousseau), snapshot 2024-06-02; gratuit - décembre 2011"
LFGZ,0.00,2024-06-02,other,"carte taxes d'atterrissage (C. Rousseau), snapshot 2024-06-02; gratuit - restreint - décembre 2011"
LFHA,0.00,2024-06-02,other,"carte taxes d'atterrissage (C. Rousseau), snapshot 2024-06-02; gratuit - novembre 2012"
LFHC,0.00,2024-06-02,other,"carte taxes d'atterrissage (C. Rousseau), snapshot 2024-06-02; Gratuit - 24/05/2018"
LFHD,0.00,2024-06-02,other,"carte taxes d'atterrissage (C. Rousseau), snapshot 2024-06-02; gratuit - décembre 2011"
LFHE,0.00,2024-06-02,other,"carte taxes d'atterrissage (C. Rousseau), snapshot 2024-06-02; gratuit - décembre 2011"
LFHF,0.00,2024-06-02,other,"carte taxes d'atterrissage (C. Rousseau), snapshot 2024-06-02; gratuit - restreint - décembre 2011"
LFHG,0.00,2024-06-02,other,"carte taxes d'atterrissage (C. Rousseau), snapshot 2024-06-02; gratuit - décembre 2011"
LFHH,0.00,2024-06-02,other,"carte taxes d'atterrissage (C. Rousseau), snapshot 2024-06-02; gratuit - décembre 2011"
LFHI,0.00,2024-06-02,other,"carte taxes d'atterrissage (C. Rousseau), snapshot 2024-06-02; gratuit - décembre 2011"
LFHJ,0.00,2024-06-02,other,"carte taxes d'atterrissage (C. Rousseau), snapshot 2024-06-02; Gratuit - 30/07/2017"
LFHL,0.00,2024-06-02,other,"carte taxes d'atterrissage (C. Rousseau), snapshot 2024-06-02; gratuit - décembre 2011"
LFHM,8.40,2024-06-02,other,"carte taxes d'atterrissage (C. Rousseau), snapshot 2024-06-02; 8,40 € - restreint - 14/08/2019"
LFHN,0.00,2024-06-02,other,"carte taxes d'atterrissage (C. Rousseau), snapshot 2024-06-02; gratuit - décembre 2011"
LFHO,0.00,2024-06-02,other,"carte taxes d'atterrissage (C. Rousseau), snapshot 2024-06-02; Gratuit - 11/08/2020"
LFHP,8.15,2024-06-02,other,"carte taxes d'atterrissage (C. Rousseau), snapshot 2024-06-02; 8,15 € - juillet 2015"
LFHQ,4.00,2024-06-02,other,"carte taxes d'atterrissage (C. Rousseau), snapshot 2024-06-02; 4 € - 02/09/2017"
LFHR,0.00,2024-06-02,other,"carte taxes d'atterrissage (C. Rousseau), snapshot 2024-06-02; gratuit - novembre 2012"
LFHS,7.75,2024-06-02,other,"carte taxes d'atterrissage (C. Rousseau), snapshot 2024-06-02; 7,75 € - 05/05/2024"
LFHT,2.00,2024-06-02,other,"carte taxes d'atterrissage (C. Rousseau), snapshot 2024-06-02; 2,00 € - novembre 2012"
LFHU,0.00,2024-06-02,other,"carte taxes d'atterrissage (C. Rousseau), snapshot 2024-06-02; gratuit - restreint - décembre 2016"
LFHV,15.00,2024-06-02,other,"carte taxes d'atterrissage (C. Rousseau), snapshot 2024-06-02; 15 € - 16/09/2017"
LFHW,0.00,2024-06-02,other,"carte taxes d'atterrissage (C. Rousseau), snapshot 2024-06-02; gratuit - restreint - décembre 2011"
LFHX,0.00,2024-06-02,other,"carte taxes d'atterrissage (C. Rousseau), snapshot 2024-06-02; gratuit - décembre 2011"
LFHY,10.00,2024-06-02,other,"carte taxes d'atterrissage (C. Rousseau), snapshot 2024-06-02; 10,00 € -20/03/2019"
LFIB,0.00,2024-06-02,other,"carte taxes d'atterrissage (C. Rousseau), snapshot 2024-06-02; gratuit - restreint - 03/07/2017"
LFID,0.00,2024-06-02,other,"carte taxes d'atterrissage (C. Rousseau), snapshot 2024-06-02; Gratuit - 07/08/2017"
LFIF,0.00,2024-06-02,other,"carte taxes d'atterrissage (C. Rousseau), snapshot 2024-06-02; gratuit - restreint - décembre 2011"
LFIG,0.00,2024-06-02,other,"carte taxes d'atterrissage (C. Rousseau), snapshot 2024-06-02; gratuit - décembre 2011"
LFIH,0.00,2024-06-02,other,"carte taxes d'atterrissage (C. Rousseau), snapshot 2024-06-02; gratuit - décembre 2011"
LFIK,0.00,2024-06-02,other,"carte taxes d'atterrissage (C. Rousseau), snapshot 2024-06-02; gratuit - restreint - décembre 2011"
LFIL,0.00,2024-06-02,other,"carte taxes d'atterrissage (C. Rousseau), snapshot 2024-06-02; gratuit - restreint - décembre 2011"
LFIM,0.00,2024-06-02,other,"carte taxes d'atterrissage (C. Rousseau), snapshot 2024-06-02; gratuit - décembre 2011"
LFIP,0.00,2024-06-02,other,"carte taxes d'atterrissage (C. Rousseau), snapshot 2024-06-02; gratuit - restreint - décembre 2011"
LFIR,0.00,2024-06-02,other,"carte taxes d'atterrissage (C. Rousseau), snapshot 2024-06-02; gratuit - restreint - décembre 2011"
LFIS,0.00,2024-06-02,other,"carte taxes d'atterrissage (C. Rousseau), snapshot 2024-06-02; gratuit - juillet 2016"
LFIT,0.00,2024-06-02,other,"carte taxes d'atterrissage (C. Rousseau), snapshot 2024-06-02; gratuit - restreint - décembre 2011"
LFIV,0.00,2024-06-02,other,"carte taxes d'atterrissage (C. Rousseau), snapshot 2024-06-02; gratuit - restreint - décembre 2011"
LFIX,0.00,2024-06-02,other,"carte taxes d'atterrissage (C. Rousseau), snapshot 2024-06-02; gratuit - restreint - décembre 2011"
LFIY,0.00,2024-06-02,other,"carte taxes d'atterrissage (C. Rousseau), snapshot 2024-06-02; gratuit - restreint - décembre 2011"
LFJA,7.50,2024-06-02,other,"carte taxes d'atterrissage (C. Rousseau), snapshot 2024-06-02; 5 à 10 € - décembre 2011"
LFJB,0.00,2024-06-02,other,"carte taxes d'atterrissage (C. Rousseau), snapshot 2024-06-02; Gratuit - 01/11/2017"
LFJC,0.00,2024-06-02,other,"carte taxes d'atterrissage (C. Rousseau), snapshot 2024-06-02; gratuit - décembre 2011"
LFJD,0.00,2024-06-02,other,"carte taxes d'atterrissage (C. Rousseau), snapshot 2024-06-02; gratuit - restreint - décembre 2011"
LFJE,0.00,2024-06-02,other,"carte taxes d'atterrissage (C. Rousseau), snapshot 2024-06-02; gratuit - restreint - février 2017"
LFJF,0.00,2024-06-02,other,"carte taxes d'atterrissage (C. Rousseau), snapshot 2024-06-02; gratuit - restreint - décembre 2011"
LFJH,0.00,2024-06-02,other,"carte taxes d'atterrissage (C. Rousseau), snapshot 2024-06-02; gratuit - restreint - décembre 2011"
LFJI,0.00,2024-06-02,other,"carte taxes d'atterrissage (C. Rousseau), snapshot 2024-06-02; gratuit - restreint - décembre 2011"
LFJL,7.50,2024-06-02,other,"carte taxes d'atterrissage (C. Rousseau), snapshot 2024-06-02; 5 à 10 € - décembre 2011"
LFJR,14.37,2026-01-01,other,De > 1t à 2t
LFJS,0.00,2024-06-02,other,"carte taxes d'atterrissage (C. Rousseau), snapshot 2024-06-02; Gratuit - 27/08/2021"
LFJT,0.00,2024-06-02,other,"carte taxes d'atterrissage (C. Rousseau), snapshot 2024-06-02; gratuit - restreint - décembre 2011"
LFJU,0.00,2024-06-02,other,"carte taxes d'atterrissage (C. Rousseau), snapshot 2024-06-02; gratuit - restreint - décembre 2011"
LFJY,0.00,2024-06-02,other,"carte taxes d'atterrissage (C. Rousseau), snapshot 2024-06-02; Gratuit - 08/11/2020"
LFKA,13.90,2026-09-15,other,avion léger — parking 17.38 € par tranche 24 h
LFKB,22.50,2024-06-02,other,"carte taxes d'atterrissage (C. Rousseau), snapshot 2024-06-02; 15 à 30 € - décembre 2011"
LFKC,78.00,2024-06-02,other,"carte taxes d'atterrissage (C. Rousseau), snapshot 2024-06-02; 78,00 € - 27/06/2020 Forfait tarif aéroclub <1.5T. PPR 72h obligatoire. Taxe d'atterrissage : 42€ Handling !!obligatoire!! : 36€"
LFKD,0.00,2024-06-02,other,"carte taxes d'atterrissage (C. Rousseau), snapshot 2024-06-02; gratuit - restreint - décembre 2011"
LFKE,0.00,2024-06-02,other,"carte taxes d'atterrissage (C. Rousseau), snapshot 2024-06-02; gratuit - restreint - décembre 2011"
LFKF,30.45,2024-06-02,other,"carte taxes d'atterrissage (C. Rousseau), snapshot 2024-06-02; 30,45 € - 17/08/2017"
LFKH,0.00,2024-06-02,other,"carte taxes d'atterrissage (C. Rousseau), snapshot 2024-06-02; gratuit - restreint - décembre 2011"
LFKJ,7.50,2024-06-02,other,"carte taxes d'atterrissage (C. Rousseau), snapshot 2024-06-02; 5 à 10 € - décembre 2011"
LFKL,0.00,2024-06-02,other,"carte taxes d'atterrissage (C. Rousseau), snapshot 2024-06-02; gratuit - restreint - décembre 2011"
LFKM,0.00,2024-06-02,other,"carte taxes d'atterrissage (C. Rousseau), snapshot 2024-06-02; gratuit - restreint - décembre 2011"
LFKO,10.00,2024-06-02,other,"carte taxes d'atterrissage (C. Rousseau), snapshot 2024-06-02; 10€ - 16/07/2017 Stationnement 24h : 10€"
LFKP,0.00,2024-06-02,other,"carte taxes d'atterrissage (C. Rousseau), snapshot 2024-06-02; gratuit - restreint - décembre 2011"
LFKR,0.00,2024-06-02,other,"carte taxes d'atterrissage (C. Rousseau), snapshot 2024-06-02; Gratuit - 02/07/2017"
LFKT,0.00,2024-06-02,other,"carte taxes d'atterrissage (C. Rousseau), snapshot 2024-06-02; gratuit - juillet 2017 Camping sur AD"
LFKX,0.00,2024-06-02,other,"carte taxes d'atterrissage (C. Rousseau), snapshot 2024-06-02; gratuit - restreint - décembre 2011"
LFKY,0.00,2024-06-02,other,"carte taxes d'atterrissage (C. Rousseau), snapshot 2024-06-02; gratuit - restreint - décembre 2011"
LFLA,12.48,2026-05-01,other,De >1 t à 2 t
LFLB,7.50,2024-06-02,other,"carte taxes d'atterrissage (C. Rousseau), snapshot 2024-06-02; 5 à 10 € - décembre 2011"
LFLC,18.10,2024-06-02,other,"carte taxes d'atterrissage (C. Rousseau), snapshot 2024-06-02; 18,10 € - 18/08/2019. Tarif quand l aeroclub est ouvert avec 24h de stationnement compris"
LFLD,5.00,2024-06-02,other,"carte taxes d'atterrissage (C. Rousseau), snapshot 2024-06-02; 5 € - 27/07/2020 taxe att 10 € TTC, réduction 50% si avion d'aéroclub (accord FFA-Edeis) / + 50 cts / heure entamée de stationnement"
LFLE,0.00,2024-06-02,other,"carte taxes d'atterrissage (C. Rousseau), snapshot 2024-06-02; gratuit - août 2016"
LFLG,12.00,2024-06-02,other,"carte taxes d'atterrissage (C. Rousseau), snapshot 2024-06-02; 12,00€ - 08/2022 // nuit : 9,00€"
LFLH,12.00,2024-06-02,other,"carte taxes d'atterrissage (C. Rousseau), snapshot 2024-06-02; 12,00 € (-50% pour les clubs FFA) - 17/06/2021. Pour 3 DR400, 6€ / avion"
LFLI,12.50,2024-06-02,other,"carte taxes d'atterrissage (C. Rousseau), snapshot 2024-06-02; 10 à 15 € - décembre 2011"
LFLJ,0.00,2024-06-02,other,"carte taxes d'atterrissage (C. Rousseau), snapshot 2024-06-02; Restreint - 02/07/2017 Afis absent : gratuit Afis présent : Eté : 10€ / Hiver : 90€"
LFLL,22.50,2024-06-02,other,"carte taxes d'atterrissage (C. Rousseau), snapshot 2024-06-02; 15 à 30 € - décembre 2011"
LFLM,0.00,2024-06-02,other,"carte taxes d'atterrissage (C. Rousseau), snapshot 2024-06-02; 8 € - 12/06/2021 TAG gratuits. Taxe offerte si repas au restaurant"
LFLN,8.36,2024-06-02,other,"carte taxes d'atterrissage (C. Rousseau), snapshot 2024-06-02; 8,36 € - juillet 2015"
LFLO,7.00,2024-06-02,other,"carte taxes d'atterrissage (C. Rousseau), snapshot 2024-06-02; 7,00 € - juillet 2015"
LFLP,8.30,2024-06-02,other,"carte taxes d'atterrissage (C. Rousseau), snapshot 2024-06-02; 8,30 € - 08/08/2019"
LFLQ,0.00,2024-06-02,other,"carte taxes d'atterrissage (C. Rousseau), snapshot 2024-06-02; gratuit - septembre 2016"
LFLR,0.00,2024-06-02,other,"carte taxes d'atterrissage (C. Rousseau), snapshot 2024-06-02; Gratuit - 16/07/2017 Restaurant sur AD"
LFLS,11.80,2024-06-02,other,"carte taxes d'atterrissage (C. Rousseau), snapshot 2024-06-02; 11,80€ - 04/07/2017 2 restaurants à moins de 200 m"
LFLT,0.00,2024-06-02,other,"carte taxes d'atterrissage (C. Rousseau), snapshot 2024-06-02; gratuit - restreint - décembre 2011"
LFLU,12.92,2024-06-02,other,"carte taxes d'atterrissage (C. Rousseau), snapshot 2024-06-02; 12,92 € - 27/05/2023"
LFLV,6.84,2024-06-02,other,"carte taxes d'atterrissage (C. Rousseau), snapshot 2024-06-02; 6,84 € - 23/05/2017"
LFLW,3.50,2024-06-02,other,"carte taxes d'atterrissage (C. Rousseau), snapshot 2024-06-02; 3,50 € - 12/07/2019 Restaurant recommandé"
LFLX,0.00,2024-06-02,other,"carte taxes d'atterrissage (C. Rousseau), snapshot 2024-06-02; Gratuit - 01/11/2017"
LFLY,12.50,2024-06-02,other,"carte taxes d'atterrissage (C. Rousseau), snapshot 2024-06-02; 10 à 15 € - décembre 2011"
LFLZ,0.00,2024-06-02,other,"carte taxes d'atterrissage (C. Rousseau), snapshot 2024-06-02; gratuit - décembre 2011"
LFMA,9.60,2024-06-02,other,"carte taxes d'atterrissage (C. Rousseau), snapshot 2024-06-02; 9,60 € - 04/05/2019"
LFMC,0.00,2024-06-02,other,"carte taxes d'atterrissage (C. Rousseau), snapshot 2024-06-02; gratuit - décembre 2011"
LFMD,30.83,2024-06-02,other,"carte taxes d'atterrissage (C. Rousseau), snapshot 2024-06-02; 30.83€ - mars 2017 (http://www.cannes.aeroport.fr/Aeroport-Cannes-Mandelieu/SERVICES-ASSISTANCES/Tarifs-des-redevances)"
LFME,0.00,2024-06-02,other,"carte taxes d'atterrissage (C. Rousseau), snapshot 2024-06-02; gratuit - décembre 2011"
LFMF,0.00,2024-06-02,other,"carte taxes d'atterrissage (C. Rousseau), snapshot 2024-06-02; gratuit - décembre 2011"
LFMG,0.00,2024-06-02,other,"carte taxes d'atterrissage (C. Rousseau), snapshot 2024-06-02; gratuit - décembre 2011"
LFMH,4.50,2024-06-02,other,"carte taxes d'atterrissage (C. Rousseau), snapshot 2024-06-02; 4,50 € - juillet 2015"
LFMI,0.00,2024-06-02,other,"carte taxes d'atterrissage (C. Rousseau), snapshot 2024-06-02; gratuit - décembre 2011"
LFMK,5.00,2024-06-02,other,"carte taxes d'atterrissage (C. Rousseau), snapshot 2024-06-02; 5,00 € - 11/07/2019 Nuit : 7,35 €"
LFML,81.26,2024-06-02,other,"carte taxes d'atterrissage (C. Rousseau), snapshot 2024-06-02; 81,26€TTC -Janvier 2017 (http://www.marseille.aeroport.fr/societe/espace-presse/taxes-et-redevances)"
LFMN,35.00,2024-06-02,other,"carte taxes d'atterrissage (C. Rousseau), snapshot 2024-06-02; 30 à ... € - décembre 2011"
LFMP,15.84,2024-06-02,other,"carte taxes d'atterrissage (C. Rousseau), snapshot 2024-06-02; 15,84€ - 01/05/2018 Parking : 0,22€/h"
LFMQ,22.50,2024-06-02,other,"carte taxes d'atterrissage (C. Rousseau), snapshot 2024-06-02; 15 à 30 €, janvier 2016 (http://www.aeroportducastellet.com/docs/price-list-fr.pdf)"
LFMR,7.00,2024-06-02,other,"carte taxes d'atterrissage (C. Rousseau), snapshot 2024-06-02; 7 € - 18/07/2016"
LFMS,0.00,2024-06-02,other,"carte taxes d'atterrissage (C. Rousseau), snapshot 2024-06-02; gratuit - mars 2017"
LFMT,12.50,2024-06-02,other,"carte taxes d'atterrissage (C. Rousseau), snapshot 2024-06-02; 10 à 15 €, janvier 2016 (http://www.montpellier.aeroport.fr/fr/vols-d-entrainement/redevances-aeronautiques)"
LFMU,7.50,2024-06-02,other,"carte taxes d'atterrissage (C. Rousseau), snapshot 2024-06-02; 7,50 € - novembre 2012"
LFMV,22.80,2024-06-02,other,"carte taxes d'atterrissage (C. Rousseau), snapshot 2024-06-02; 22,80€ - 10/08/2020 Pour club (20% de remise) : 18,24 TTC Parking jour suivant : 11,40 TTC"
LFMW,0.00,2024-06-02,other,"carte taxes d'atterrissage (C. Rousseau), snapshot 2024-06-02; gratuit - décembre 2011"
LFMX,0.00,2024-06-02,other,"carte taxes d'atterrissage (C. Rousseau), snapshot 2024-06-02; gratuit - décembre 2011"
LFMZ,4.94,2024-06-02,other,"carte taxes d'atterrissage (C. Rousseau), snapshot 2024-06-02; 5 à 10 € - décembre 2011 4,94 € en 2016"
LFNA,7.99,2024-06-02,other,"carte taxes d'atterrissage (C. Rousseau), snapshot 2024-06-02; 7,99 € - —/08/2022 Atterrissage et 2 h de stationnement pour avion de 1 t"
LFNB,0.00,2024-06-02,other,"carte taxes d'atterrissage (C. Rousseau), snapshot 2024-06-02; Gratuit - 31/07/2017 Restaurant sur site"
LFNC,7.00,2024-06-02,other,"carte taxes d'atterrissage (C. Rousseau), snapshot 2024-06-02; 7 € - 18/07/2016"
LFNE,0.00,2024-06-02,other,"carte taxes d'atterrissage (C. Rousseau), snapshot 2024-06-02; Gratuit - 13/03/2022"
LFNF,0.00,2024-06-02,other,"carte taxes d'atterrissage (C. Rousseau), snapshot 2024-06-02; gratuit - mars 2017"
LFNG,0.00,2024-06-02,other,"carte taxes d'atterrissage (C. Rousseau), snapshot 2024-06-02; gratuit - juillet 2016"
LFNH,8.00,2024-06-02,other,"carte taxes d'atterrissage (C. Rousseau), snapshot 2024-06-02; 8,00 € - 09/08/2019"
LFNJ,0.00,2024-06-02,other,"carte taxes d'atterrissage (C. Rousseau), snapshot 2024-06-02; gratuit - restreint - décembre 2011"
LFNL,0.00,2024-06-02,other,"carte taxes d'atterrissage (C. Rousseau), snapshot 2024-06-02; gratuit - restreint - décembre 2011"
LFNN,0.00,2024-06-02,other,"carte taxes d'atterrissage (C. Rousseau), snapshot 2024-06-02; gratuit -25/06/2017"
LFNO,0.00,2024-06-02,other,"carte taxes d'atterrissage (C. Rousseau), snapshot 2024-06-02; gratuit - restreint - décembre 2011"
LFNQ,0.00,2024-06-02,other,"carte taxes d'atterrissage (C. Rousseau), snapshot 2024-06-02; gratuit - restreint - décembre 2011"
LFNR,0.00,2024-06-02,other,"carte taxes d'atterrissage (C. Rousseau), snapshot 2024-06-02; gratuit - restreint - décembre 2011"
LFNS,0.00,2024-06-02,other,"carte taxes d'atterrissage (C. Rousseau), snapshot 2024-06-02; gratuit - restreint - décembre 2011"
LFNT,0.00,2024-06-02,other,"carte taxes d'atterrissage (C. Rousseau), snapshot 2024-06-02; gratuit - restreint - décembre 2011"
LFNU,0.00,2024-06-02,other,"carte taxes d'atterrissage (C. Rousseau), snapshot 2024-06-02; gratuit - restreint - décembre 2011"
LFNV,0.00,2024-06-02,other,"carte taxes d'atterrissage (C. Rousseau), snapshot 2024-06-02; gratuit - décembre 2011"
LFNW,0.00,2024-06-02,other,"carte taxes d'atterrissage (C. Rousseau), snapshot 2024-06-02; gratuit - restreint - décembre 2011"
LFNX,0.00,2024-06-02,other,"carte taxes d'atterrissage (C. Rousseau), snapshot 2024-06-02; gratuit - restreint - décembre 2011"
LFNZ,0.00,2024-06-02,other,"carte taxes d'atterrissage (C. Rousseau), snapshot 2024-06-02; gratuit - décembre 2011"
LFOB,12.95,2024-06-02,other,"carte taxes d'atterrissage (C. Rousseau), snapshot 2024-06-02; 12,95 € - juillet 2015"
LFOC,0.00,2024-06-02,other,"carte taxes d'atterrissage (C. Rousseau), snapshot 2024-06-02; gratuit - militaire - décembre 2011"
LFOD,7.00,2024-06-02,other,"carte taxes d'atterrissage (C. Rousseau), snapshot 2024-06-02; 7€TTC Mars 2017 (moins de 2T)"
LFOF,0.00,2024-06-02,other,"carte taxes d'atterrissage (C. Rousseau), snapshot 2024-06-02; gratuit - décembre 2011"
LFOG,0.00,2024-06-02,other,"carte taxes d'atterrissage (C. Rousseau), snapshot 2024-06-02; gratuit - décembre 2011"
LFOH,12.50,2024-06-02,other,"carte taxes d'atterrissage (C. Rousseau), snapshot 2024-06-02; 10 à 15 € - décembre 2011"
LFOI,9.60,2024-06-02,other,"carte taxes d'atterrissage (C. Rousseau), snapshot 2024-06-02; 9,60 € - 15/08/2019"
LFOJ,0.00,2024-06-02,other,"carte taxes d'atterrissage (C. Rousseau), snapshot 2024-06-02; gratuit - décembre 2011"
LFOK,28.00,2024-06-02,other,"carte taxes d'atterrissage (C. Rousseau), snapshot 2024-06-02; 28 € - 25/05/2018"
LFOL,0.00,2024-06-02,other,"carte taxes d'atterrissage (C. Rousseau), snapshot 2024-06-02; gratuit - décembre 2011"
LFOM,0.00,2024-06-02,other,"carte taxes d'atterrissage (C. Rousseau), snapshot 2024-06-02; gratuit - décembre 2011"
LFON,0.00,2024-06-02,other,"carte taxes d'atterrissage (C. Rousseau), snapshot 2024-06-02; Gratuit - 11/03/2017"
LFOO,0.00,2024-06-02,other,"carte taxes d'atterrissage (C. Rousseau), snapshot 2024-06-02; Gratuit - 24/05/2017"
LFOP,0.00,2024-06-02,other,"carte taxes d'atterrissage (C. Rousseau), snapshot 2024-06-02; 11,00 € - 21/07/2022 // 2h de parking gratuite : après +0.5€/t/h"
LFOQ,8.30,2024-06-02,other,"carte taxes d'atterrissage (C. Rousseau), snapshot 2024-06-02; 8.30 € - 12/05/2019 Atterrissage & Touch and go avions de masse < 1,5T"
LFOR,0.00,2024-06-02,other,"carte taxes d'atterrissage (C. Rousseau), snapshot 2024-06-02; gratuit - juillet 2015"
LFOS,0.00,2024-06-02,other,"carte taxes d'atterrissage (C. Rousseau), snapshot 2024-06-02; gratuit - décembre 2011"
LFOT,10.00,2024-01-01,other,De 1t à 1.999t
LFOU,4.40,2024-06-02,other,"carte taxes d'atterrissage (C. Rousseau), snapshot 2024-06-02; 4.40 € - —/11/203"
LFOV,8.44,2024-06-02,other,"carte taxes d'atterrissage (C. Rousseau), snapshot 2024-06-02; 8,44 € - 12/05/2018"
LFOW,0.00,2024-06-02,other,"carte taxes d'atterrissage (C. Rousseau), snapshot 2024-06-02; gratuit - décembre 2011"
LFOX,12.00,2024-06-02,other,"carte taxes d'atterrissage (C. Rousseau), snapshot 2024-06-02; 12,00 € - 05/05/2024 // ULM : 6,00€ Stationnement : 1,92€/h"
LFOY,0.00,2024-06-02,other,"carte taxes d'atterrissage (C. Rousseau), snapshot 2024-06-02; gratuit - décembre 2011"
LFOZ,0.00,2024-06-02,other,"carte taxes d'atterrissage (C. Rousseau), snapshot 2024-06-02; 7,00 € - 01/06/2022 RDG / Touché : gratuit Parking -1.5T = 1.272€TTC/H"
LFPA,11.33,2024-06-02,other,"carte taxes d'atterrissage (C. Rousseau), snapshot 2024-06-02; 11,33 € - 28/04/2018 Stationnement : 1,92€/h"
LFPB,198.30,2024-06-02,other,"carte taxes d'atterrissage (C. Rousseau), snapshot 2024-06-02; 198,30 € - 28/04/2018"
LFPD,0.00,2024-06-02,other,"carte taxes d'atterrissage (C. Rousseau), snapshot 2024-06-02; Gratuit - 23/11/2015 Restaurant sur AD"
LFPE,7.10,2024-06-02,other,"carte taxes d'atterrissage (C. Rousseau), snapshot 2024-06-02; 7,10 € - 28/04/2018 Stationnement : 1,92€/h"
LFPF,0.00,2024-06-02,other,"carte taxes d'atterrissage (C. Rousseau), snapshot 2024-06-02; gratuit - restreint - décembre 2011"
LFPG,35.00,2024-06-02,other,"carte taxes d'atterrissage (C. Rousseau), snapshot 2024-06-02; 30 à ... € - décembre 2011"
LFPH,7.10,2024-06-02,other,"carte taxes d'atterrissage (C. Rousseau), snapshot 2024-06-02; 7,10 € - 28/04/2018 Stationnement : 1,92€/h"
LFPK,1.92,2024-06-02,other,"carte taxes d'atterrissage (C. Rousseau), snapshot 2024-06-02; 11,33 - 28/04/2018 Stationnement : 1,92€/h"
LFPL,11.33,2024-06-02,other,"carte taxes d'atterrissage (C. Rousseau), snapshot 2024-06-02; 11,33 € - 28/04/2018 Stationnement : 1,92€/h"
LFPM,0.00,2024-06-02,other,"carte taxes d'atterrissage (C. Rousseau), snapshot 2024-06-02; Gratuit - 16/10/2016"
LFPN,1.93,2024-06-02,other,"carte taxes d'atterrissage (C. Rousseau), snapshot 2024-06-02; 24 € - 01/01/2020 Stationnement : 1,93€/h"
LFPO,35.00,2024-06-02,other,"carte taxes d'atterrissage (C. Rousseau), snapshot 2024-06-02; 30 à ... € - décembre 2011"
LFPP,7.50,2024-06-02,other,"carte taxes d'atterrissage (C. Rousseau), snapshot 2024-06-02; 5 à 10 € - décembre 2011"
LFPQ,5.00,2024-06-02,other,"carte taxes d'atterrissage (C. Rousseau), snapshot 2024-06-02; 5 € - 07/09/2021"
LFPT,1.93,2024-06-02,other,"carte taxes d'atterrissage (C. Rousseau), snapshot 2024-06-02; 20 € - 28/04/2018 Stationnement : 1,93€/h"
LFPU,0.00,2024-06-02,other,"carte taxes d'atterrissage (C. Rousseau), snapshot 2024-06-02; Gratuit - 09/09/2016"
LFPX,7.10,2024-06-02,other,"carte taxes d'atterrissage (C. Rousseau), snapshot 2024-06-02; 7,10 € - 28/04/2018"
LFPZ,14.40,2026-09-15,other,avion léger
LFQA,14.25,2026-01-01,other,De > 1t à 2t
LFQB,11.45,2026-04-01,other,De > 1t à 2t
LFQC,0.00,2024-06-02,other,"carte taxes d'atterrissage (C. Rousseau), snapshot 2024-06-02; gratuit - décembre 2011"
LFQD,0.00,2024-06-02,other,"carte taxes d'atterrissage (C. Rousseau), snapshot 2024-06-02; gratuit - décembre 2011"
LFQF,0.00,2024-06-02,other,"carte taxes d'atterrissage (C. Rousseau), snapshot 2024-06-02; gratuit - août 2015"
LFQG,8.72,2024-06-02,other,"carte taxes d'atterrissage (C. Rousseau), snapshot 2024-06-02; 8,72 € - 13/10/2017"
LFQH,0.00,2024-06-02,other,"carte taxes d'atterrissage (C. Rousseau), snapshot 2024-06-02; gratuit - décembre 2011"
LFQJ,0.00,2024-06-02,other,"carte taxes d'atterrissage (C. Rousseau), snapshot 2024-06-02; Gratuit - 13/07/2017"
LFQK,0.00,2024-06-02,other,"carte taxes d'atterrissage (C. Rousseau), snapshot 2024-06-02; gratuit - décembre 2011"
LFQL,0.00,2024-06-02,other,"carte taxes d'atterrissage (C. Rousseau), snapshot 2024-06-02; gratuit - décembre 2011"
LFQM,9.50,2024-06-02,other,"carte taxes d'atterrissage (C. Rousseau), snapshot 2024-06-02; 9,50 € - 24/03/2022"
LFQN,0.00,2024-06-02,other,"carte taxes d'atterrissage (C. Rousseau), snapshot 2024-06-02; gratuit - décembre 2011"
LFQO,0.00,2024-06-02,other,"carte taxes d'atterrissage (C. Rousseau), snapshot 2024-06-02; gratuit - décembre 2011"
LFQQ,3.00,2024-06-02,other,"carte taxes d'atterrissage (C. Rousseau), snapshot 2024-06-02; 3,00 € - 07/05/2022"
LFQT,7.50,2024-06-02,other,"carte taxes d'atterrissage (C. Rousseau), snapshot 2024-06-02; 5 à 10 € - décembre 2011"
LFQU,0.00,2024-06-02,other,"carte taxes d'atterrissage (C. Rousseau), snapshot 2024-06-02; gratuit - restreint - décembre 2011"
LFQV,6.00,2024-06-02,other,"carte taxes d'atterrissage (C. Rousseau), snapshot 2024-06-02; 6€ - 16/11/2017"
LFQW,0.00,2024-06-02,other,"carte taxes d'atterrissage (C. Rousseau), snapshot 2024-06-02; gratuit - décembre 2011"
LFQX,0.00,2024-06-02,other,"carte taxes d'atterrissage (C. Rousseau), snapshot 2024-06-02; gratuit - restreint - décembre 2011"
LFQY,0.00,2024-06-02,other,"carte taxes d'atterrissage (C. Rousseau), snapshot 2024-06-02; gratuit - restreint - décembre 2011"
LFQZ,0.00,2024-06-02,other,"carte taxes d'atterrissage (C. Rousseau), snapshot 2024-06-02; gratuit - restreint - décembre 2011"
LFRB,20.40,2024-06-02,other,"carte taxes d'atterrissage (C. Rousseau), snapshot 2024-06-02; 20,40 € - 31/12/2020 (1.1T) Impossible de payer sur place si l'on ne prend pas le handling payant lui même payant... Frais de facturation de 24€ par mouvement en plus de la taxe."
LFRC,13.20,2025-01-01,other,0 tonne à 2 t
LFRD,7.00,2024-06-02,other,"carte taxes d'atterrissage (C. Rousseau), snapshot 2024-06-02; 7,00 € - 20/08/2017 Forfait jour : 20€"
LFRE,10.00,2024-06-02,other,"carte taxes d'atterrissage (C. Rousseau), snapshot 2024-06-02; 10 € - 09/08/2022 1 atterrissage + stationnement 1 nuit : 15€"
LFRF,8.50,2024-06-02,other,"carte taxes d'atterrissage (C. Rousseau), snapshot 2024-06-02; 8.50 € - 02/05/2023"
LFRG,13.20,2024-06-02,other,"carte taxes d'atterrissage (C. Rousseau), snapshot 2024-06-02; 13,20 € - 03/01/2019 Stationnement : 6h = 2,90€"
LFRH,114.00,2025-08-01,other,forfait < 3 t
LFRI,0.00,2024-06-02,other,"carte taxes d'atterrissage (C. Rousseau), snapshot 2024-06-02; 7,10€ - 04/09/2019 Gratuit si avitaillement"
LFRK,9.64,2024-06-02,other,"carte taxes d'atterrissage (C. Rousseau), snapshot 2024-06-02; 9,64 € - 06/07/2018"
LFRM,2.74,2024-06-02,other,"carte taxes d'atterrissage (C. Rousseau), snapshot 2024-06-02; 2,74€ - 02/05/2024 // ULM -50% Parking 0,52/h"
LFRN,7.00,2024-06-02,other,"carte taxes d'atterrissage (C. Rousseau), snapshot 2024-06-02; 7,00 € - 12/03/2019"
LFRO,10.00,2024-06-02,other,"carte taxes d'atterrissage (C. Rousseau), snapshot 2024-06-02; 10 € - 13/04/2024"
LFRP,0.00,2024-06-02,other,"carte taxes d'atterrissage (C. Rousseau), snapshot 2024-06-02; gratuit - décembre 2011"
LFRQ,7.50,2024-06-02,other,"carte taxes d'atterrissage (C. Rousseau), snapshot 2024-06-02; 5 à 10 € - décembre 2011"
LFRS,20.00,2024-06-02,other,"carte taxes d'atterrissage (C. Rousseau), snapshot 2024-06-02; 20€60TTC (-2T handling au club) Mars 2017 Balisage inclus"
LFRT,10.00,2024-06-02,other,"carte taxes d'atterrissage (C. Rousseau), snapshot 2024-06-02; 10 € - 04/02/2017"
LFRU,7.00,2024-06-02,other,"carte taxes d'atterrissage (C. Rousseau), snapshot 2024-06-02; 7 € - 01/01/2019"
LFRV,11.00,2024-06-02,other,"carte taxes d'atterrissage (C. Rousseau), snapshot 2024-06-02; 11,00 € - —/12/2023 (W < 1.2T)"
LFRW,0.00,2024-06-02,other,"carte taxes d'atterrissage (C. Rousseau), snapshot 2024-06-02; gratuit - restreint - décembre 2011"
LFRZ,6.63,2024-06-02,other,"carte taxes d'atterrissage (C. Rousseau), snapshot 2024-06-02; 6.63€TTC (-2T) - Mars 2017 PCL incluse"
LFSA,0.00,2024-06-02,other,"carte taxes d'atterrissage (C. Rousseau), snapshot 2024-06-02; gratuit - décembre 2011"
LFSB,22.50,2024-06-02,other,"carte taxes d'atterrissage (C. Rousseau), snapshot 2024-06-02; 15 à 30 € - décembre 2011"
LFSD,14.40,2025-04-10,other,De > 1t à 2t
LFSE,0.00,2024-06-02,other,"carte taxes d'atterrissage (C. Rousseau), snapshot 2024-06-02; gratuit - décembre 2011"
LFSG,7.50,2024-06-02,other,"carte taxes d'atterrissage (C. Rousseau), snapshot 2024-06-02; 5 à 10 € - décembre 2011"
LFSH,6.50,2024-06-02,other,"carte taxes d'atterrissage (C. Rousseau), snapshot 2024-06-02; 6,50 € - 04/06/2023"
LFSJ,0.00,2024-06-02,other,"carte taxes d'atterrissage (C. Rousseau), snapshot 2024-06-02; Gratuit - 13/07/2017"
LFSK,0.00,2024-06-02,other,"carte taxes d'atterrissage (C. Rousseau), snapshot 2024-06-02; gratuit - décembre 2011"
LFSL,4.50,2024-06-02,other,"carte taxes d'atterrissage (C. Rousseau), snapshot 2024-06-02; 4,50 € - 11/04/2017 Parking 0,19/h"
LFSM,7.50,2024-06-02,other,"carte taxes d'atterrissage (C. Rousseau), snapshot 2024-06-02; 5 à 10 € - décembre 2011"
LFSN,7.50,2024-06-02,other,"carte taxes d'atterrissage (C. Rousseau), snapshot 2024-06-02; 5 à 10 € - décembre 2011"
LFSP,0.00,2024-06-02,other,"carte taxes d'atterrissage (C. Rousseau), snapshot 2024-06-02; Gratuit - 01/08/2013"
LFST,35.00,2024-06-02,other,"carte taxes d'atterrissage (C. Rousseau), snapshot 2024-06-02; 30 à ... € - décembre 2011"
LFSU,0.00,2024-06-02,other,"carte taxes d'atterrissage (C. Rousseau), snapshot 2024-06-02; gratuit - décembre 2011"
LFSV,0.00,2024-06-02,other,"carte taxes d'atterrissage (C. Rousseau), snapshot 2024-06-02; gratuit - restreint - décembre 2011"
LFSW,0.00,2024-06-02,other,"carte taxes d'atterrissage (C. Rousseau), snapshot 2024-06-02; gratuit - décembre 2011"
LFTF,9.02,2024-06-02,other,"carte taxes d'atterrissage (C. Rousseau), snapshot 2024-06-02; 9,02 € - 16/07/2017"
LFTH,6.81,2024-06-02,other,"carte taxes d'atterrissage (C. Rousseau), snapshot 2024-06-02; 6,81 € - militaire - janvier 2015"
LFTM,0.00,2024-06-02,other,"carte taxes d'atterrissage (C. Rousseau), snapshot 2024-06-02; gratuit - décembre 2011"
LFTN,0.00,2024-06-02,other,"carte taxes d'atterrissage (C. Rousseau), snapshot 2024-06-02; gratuit - restreint - décembre 2011"
LFTP,0.00,2024-06-02,other,"carte taxes d'atterrissage (C. Rousseau), snapshot 2024-06-02; gratuit - restreint - décembre 2011"
LFTQ,0.00,2024-06-02,other,"carte taxes d'atterrissage (C. Rousseau), snapshot 2024-06-02; gratuit - décembre 2011"
LFTW,22.91,2025-01-01,other,De > 1t à 2t
LFTZ,35.00,2024-06-02,other,"carte taxes d'atterrissage (C. Rousseau), snapshot 2024-06-02; 30 à ... € - décembre 2011"
LFXA,0.00,2024-06-02,other,"carte taxes d'atterrissage (C. Rousseau), snapshot 2024-06-02; Gratuit - 25/05/2018"
LFXB,0.00,2024-06-02,other,"carte taxes d'atterrissage (C. Rousseau), snapshot 2024-06-02; gratuit - décembre 2011"
LFXU,0.00,2024-06-02,other,"carte taxes d'atterrissage (C. Rousseau), snapshot 2024-06-02; Gratuit - 23/05/2020"
LFYG,0.00,2024-06-02,other,"carte taxes d'atterrissage (C. Rousseau), snapshot 2024-06-02; gratuit - décembre 2011"
LFYR,0.00,2024-06-02,other,"carte taxes d'atterrissage (C. Rousseau), snapshot 2024-06-02; gratuit - décembre 2011"
LFYS,0.00,2024-06-02,other,"carte taxes d'atterrissage (C. Rousseau), snapshot 2024-06-02; gratuit - restreint - décembre 2011"
